filename,isnato
b2d1810f2932ca85dd59411223bcdc98,1
d367826fe30ffd919d5acbee0ce14bdd,1
e1e185549c32d49318df643a434dd3ea,1
7a80e43792550f2af6e2ffa1ea6c7017,1
7615bc77094c78796b48f308180ab25a,1
2d3bba8cdbe45313142b5470afe6a95c,0
627336ac6a53a9e90a71ccd9f95294c1,1
4226bba4e4aacd98bc78985e04d4a919,0
513a6665e2e8634fa63fbeaa9b849cc8,1
7da37e1cb23d148b34e2e17e992fb531,0
31835ea4d2a4a9769fe03679f2e5bbc9,0
2366d7a59b37461062469432af03ae93,1
a860bad7fd446fe33e2679ad23f37362,1
1ccde0cab5f7c7d51bcd1337322a4273,0
5ca817a434a1e358f0f52d4b736b8383,0
d74e4d482bc9dc9c5b0c817a619a0e93,0
7107d0b94beb550860516e5a14075372,1
6fdb4c42169b8be585a229027cc08a5d,0
793dfaa9136c0ac16af0ce01c52e0cdb,1
1064bb9e3ab678515c2ab5e86dca5f00,0
6b9d1b690c8a8a1c1bff9a9347087cfa,1
313ed900c4dd93bb6fe1f5e3af5edd13,1
cc5c8cafaa3bd1ef89fc05525ee5bbfa,1
5a5f04909840936757fde2b4979ee0ae,1
f7b0237999c011db7fc2a9e7e07e0341,1
041f00985875b41a489baba451c45f02,0
407e7541df986e0b6b6d63595db601dc,1
8dec4ce51351b381c2e7f70bb42cc9ac,1
c28b36cc9eb6889a05ae88fe7af26050,0
f30f09f5b40ba49ec286aafe3195caaa,0
7aa8179d0d332c3b237468a246d958f6,0
01bcd847232dd6d65ed07606fd537400,1
1396be94796db93c3323e525d58cb174,1
3ef616b3d36a9293a6e87194091d8f83,1
30308bfc3706f826c4c65c5211a3dc3e,1
9c7ccb6a63a91ad219605dd60afa9a93,0
4acfcfcb6ccde9bd61242a92b3a5b099,1
1cdf944848c5af45dd0f39778751f82b,1
35277c43d132eb3aa64b33c67536e205,0
47317881f5e18223be957db7d9baf3c6,1
5f91213b31681ff16479c52b97b233a9,1
45258e3c3174fadf2fb8f2757805338e,1
ca008cfc9b555649b1ea3b81881760be,1
c174cdd519c3ab0f57184b3bd79aedfb,1
8fc1469c3fb1dc0225e7be86a0c9a53b,1
aaea6eeac9deaeef29958eb095a29b58,1
1cb5a77ec45f09596c74854bc2696f9a,1
e4982a237c7912ac141951ead910d528,1
eef63ee7870492b34f713d9d68ff305a,1
746f71542e58d105af58913683e5cd2e,1
90ad0749bf24c2f0484e765e4a405405,1
a193648d08cdc0ec9458c6dacc768d83,1
8caddf2222f5406263efa5723fb5cb15,0
ba2954b11415e564638140c0a48ce04f,1
d7487077369b7218a43bed171d0a0e2b,1
3d38670114e732a20292991fa2fd3025,0
ee2af509fa187cef57d3db3a5368e068,0
30f78f9b5387434821371318ff6bd718,1
e732d435dfe6f6192db5726e72b5d77b,1
b38c6c95fa6d3df87313fc52a09e797e,1
6d57b15fe273353628147026b8b4748f,1
0ba7244fc89b71d45179500a9a25e650,0
c1c7c9eaad671dbee5b463bd61133f3c,1
393fdb72c8d0e7cb61cf433555bd149d,1
256d79f1314762f4af63633126c876af,0
7519677c6c19d35ded716f1701743eea,1
a8eb55e6b661901f888654fd3bbcc4c6,0
35f9971114f4b4a198574589fcb46364,1
b2e9083187f5a38d695bd029af25177e,1
6e6609e29d717ce65e0230131072a3f4,1
88cd5f65d0fa983849a11e35877f58a7,1
8381068ede8b179f55608bba5542f057,1
4a9287d81ffcf781e35ad69d1f73b2c7,1
5e4dd8fed5f4ac0e0f85b55e8352f65e,1
efcfde6a89b318da02d6d6db920efa31,1
71a1a1abb2747f54b006f9e3a0ddb2af,1
7f792dd47098e55425f8ab9dbe2bf923,1
f3761eb5c7a4846a1be26ce87c6ec18d,0
5c21b549fdbb99f259bf8480d7e3dbd4,1
229fb38bbee06bf4f985bcd4fceaedb9,1
8de5b7e0081368b73871c9937ea3cd56,1
b6461ca746a9920db4e49e7aafdcad6a,1
826096fd4aa5ed361f6c7a6c89a748fc,1
b47631d630fe080de9ca055bfe317a46,1
b884b5de8ae77a3348e98898114155bc,1
93566b8e41a96e754556e9a8f344124c,1
dd6f485afca70ee14e09a58a53866889,1
275139e5833950de1c80e35cc0878e85,1
93528a82a521de66de0c08ca45596578,1
94627811e0623b1d2eb86f03028b6d2b,1
88f2404cff02a00166779ad3652d73c4,0
ef14bd0b66bf378dd16ffb8ccdd94258,1
86e1ac9de04ca200c90a5f72d3ea955b,1
7d13d63846c843a8af435fc49165a37f,1
84fac96600547cbb453be0c51e925420,0
8eee8d98fe7248f4656ae222f283cae9,1
c2b40fc1328d6963972c3177c50fe9f5,1
b584e3b151f18b40e3f95687b394b419,0
688a1f8a50784eb1b0e382df02c012e1,0
0e330e9bf5936492ac8838547156839b,0
2151be7803242b291c6bfb1f4bf3422f,0
88d41dad9f3cf05565c1f2f1978f3496,1
5db02b3e2226c0f878104c9bd92dad29,1
a477e13c631aff8b433faf041813ae63,1
84e38d38bba62e1f68feb4a34758d981,1
28447259374c1cf21ea90e20a360bbc4,1
8cfd54470d394c477579665ec0522300,1
5b234d3d0e569ee8cbb9a53f3936127a,1
899e5229b4df6bd884130254b4b1efe1,1
ebcd4fbc496c784bfc71ea84a9726caf,0
83e14642358c6d3ab3b91fa758678325,1
a6f13bebbd166b9be8472406c6cafe45,1
35a0096d67d1284816f04197f90b359c,1
6a6ab4ed14cd7480dd39cbdf0c410fab,1
d305a2c472269b602699a03e1cccf362,0
58d6f701e88087e6facfe202c5e76318,1
fe9d00eedf59feb5af0ace2735e71b65,1
9df2a8d94019fb60294520c9ad3bc337,1
4b02230ef78d2ba79c81d7966a72a3de,1
889cfaafa143661a93151e151adb2276,1
99bb16b3cbc64ad9063d0b094ed56219,1
79af2e1d32bf503693d82440883f81f4,1
7ea042e1c6ff5127d9bc54ad2bdcad29,1
67e01b95feb212958bf7082bb1cf44c2,0
66e66562b564e5e348d601c134727ecc,1
0c5fbdb9ba24794a227764e597ed1c2c,1
6b5b9d06f80cd3567c31f146e491b744,1
6d5fb1e2631d58a022d8af55750b343c,1
5590e46e0952ed02d2728e6f5513addd,1
aff1884a7b602013ac84a3a0c7b4782c,0
ccd8e01e43f2fa204fb0bb9b0d91ddfa,1
e0c312e07cdfab4f3c57a10a9466357b,1
30ba19a26cbf10c4e7554eb9adde4efe,1
1402b66722b4331cf2a9da25f01f279b,1
eb7daa57f8034dbe210cfa7645430430,1
5fcbd1675efbdfc2245d2c9a2ad94372,1
f0a0ff2b1aadf94d104fcfdb1a86a29e,1
c8feab78ccbdb64a04f50cb7019e8a1b,1
6c0d801ac63adde6573537f81991db14,0
8fade65314e986cf2df56203f0212ab3,1
17ad56707e46a2c9d8e6d363cf53e9dc,1
aa5a16cbd68c0e920cbb575f52f08590,1
b6f6ec402916001c1a4ca8c1ed754f4e,1
464e7bf1d7c8727ca952298d30c9f9f5,1
2baa23f527cfa1ac19917fb5faeb4b61,1
f02a20d7060a9fd87e23ba80d5307812,0
9ddab60cbf37f2f234aaa9e661155539,1
b4e12f115e2cc09e32afab91274e42eb,1
38c6340c2d5e5efd2a7bf237b55cd2a9,1
3bae5be5aa82f8b4df77d0df4bdb929a,1
60954456e31a14dced196c8cab779c0f,1
c45aae85efc4970b524668423d2dfd39,1
6d3e6871eb8183ea1a70cee4b0af3bc7,1
dc0be4c86ff9e2d0cb992f181482cfa1,1
befa308cfe702336fc931ec9f384c330,1
4a9a7aae86506db62962f1492b80f828,1
2fdea17325a14a443b806fded174b58b,1
1ec8be0eaccdb98f0e0309ae8e8e218a,0
868790cc61cab416721321b301b46d45,1
62ab91ee0abc867cf17f0614162d0751,1
e85116028b244e84b93653e60a8d49b2,1
9c6cb5fc386e3c45be9ede79a90aa1dd,1
a2d2847ee491e84fbe95780ece530a66,1
542f2a6334df5a6ea66339eff23eaa33,1
4a53181877e2374904c7f2ca4f74c772,1
2b9f14c8bbc86e85f02abae6120806c2,1
5c424583bcd62d05e392c206afcf9133,1
f300fb423fbc265ecae89a1482545e60,0
c9c0c256f11eb44bc08510eaa1803402,1
6729b7399ab0c05591cbba3a79b99061,1
8b459c8bfae8f860b02487b9c3ac1703,1
22b2514ed5646ddf7f4e9619108658b5,1
bc74a2e2834a63a28ba4349f3e60cd69,1
3f4a42711e92f55dd2b23b9da5921c3b,1
fab97104869af84863cf90d598700dba,1
632ab25d3f54a28927ba11b011e8716a,0
e5f17d53d2b6ae33221dc4ace227fb63,1
a3dccd36c4a68de45520c57517464ed2,1
5f96d4f23f458665b6d410c50f43b36f,1
5c3263fb5f3dea5e5619fe362d3efd04,1
fc1d73ed9d61edf099aad0998f2ead1c,1
2c9380cd10ae5f1a5820e8dd30b37343,1
713b0c5a7ae97a7fe0c6a0dd0e5db1d0,1
cdab7da51de22f6a4bba3379f16a0aaf,1
bc2ca2e8ea5d11bd59d31475eedb16c0,1
58c5be4b0c25020aa6527e7810c16593,0
17db27d912c365a9228be995a6a724d8,1
ac51ea35cffa8abb88b4429fb2cdb2ea,1
fdc367f28e3c8470a856c9f6f4f84d49,1
299ba0c928ec09362b0075d49fbe1c30,0
148724c5f969aa4b39b49ab8b017e887,1
a3f661abfc9a54168fdddd39bde4bcc6,1
c9e1ecae6910444773898e909e7b0b32,1
a2556df687a9986146da7374caf3967b,1
57a59387b50058ef9155dca6db09dada,1
3b8c80b6307a276314be38d52af5a834,1
a70a8d216c02c856938ed4e334e6bdf5,0
b914d42e522fb4f32280c9556736586c,1
72396e0c71a8d135b0b39beceff5da41,1
26d8a7155f2b7265b219c7998dcaab77,1
5cf2a448911b66e0d81e4c1de9ef4064,1
be20b5f8ab305dde5bb79c07840d94c1,1
553f5c70fc1ebad0c337d879631a8180,1
812cbc8bec94169e9fe7047a0dfd0b66,1
ab2aa4add2a25faa4ca18419e931aaea,1
5267feb205a55d960641a49488b703b6,0
32fbcb251aebb162467924bb320b11ff,1
ea3c09ad9d060500741d8a14b02b3bc5,0
f5508f63a8dcbd740407a3b82baaaa68,0
a0f6fc68946267a9fb17f0d8f2fcce6e,0
e14449be0c4535fd2d7e687e89f0eca1,1
0ef7fd3d2c6d14982a801219b406bd15,0
959002e586f6b9893c44db463c21d895,0
86e260d749eb79fa9ba3c95b42f9449a,0
dc70e88d5cab5bb085e9997c650107bd,1
5a57dcdc3c5ad5756f0526ff9e1286ef,0
96238528945cc8af4dae2b503c72292b,0
ae5e7e7637037459ed19f15ab0f87ee8,1
84cfd88c624a530ae1dc13f03d3a9ed5,1
38ecabc861336b24b5e6c587efeec108,1
407cfa723558db3e867cca12f5f93927,1
a3b1e68bf690bcca56e11d1122e40cdc,1
374698b9ea4110eece6249e7fad89acd,1
e5b4c9866bc127313776cde6140cb48a,1
72cc844b5cea4fbe203c759e5289ded9,1
517ac74b81363c4a03c8960ab3ffabba,1
e4845fabe94b14a46e548a09fc6e784e,1
427507420a109dc30caa4971f76b0aa2,1
ccba30efd47486dfe2d210641876b327,1
e2cb35e785f5aad04192b500ab5b4525,1
45f4764fe4fcbe4291aac8349db821fc,1
9d5e6aea89d3e042e889771d1f5f7f90,1
1f8fdefe6b59b0b9c1c7500d96280548,1
cf691d114bc43205ab11113ce44e7d82,1
120ebcadf895d67d6913272a5957d316,1
b63ba737cb50dbaf8a646fbb2162dc41,1
ccff11902db39614bd353d89a7e4c3b1,1
5ceae466241db327b32b92efbadfe4a9,0
c6d30722544da3cd2d727c23ab791322,1
d22ea05f3313fd06bdacd35d1d6e09d9,1
7e2361f2d4c43e04b48d47b4cdf37bfe,1
f05452e462e32b2b62f12174f7a23249,1
031726327f5f51788fbf03a1dc69527d,1
a6b1e4aa9a0f1f0100af8245b54e2e77,0
a2cee6f6511eac4c8d220edc8394828e,1
8fe472082cdda10e9d7d13ecfc95ad39,0
ee4a9a655de2af4a7c7de2c603d292f0,0
05f663cf71b79fd7a084101138ceb2db,1
be5e7d9ccaed64b3299d79aa844c4590,0
dcd18cf3ea7b8947db8a9f76670219be,0
32594b5384d4fb5973de5ed6bfb0a82c,1
79206fa705d5e15ad46b106fe9e98115,1
66c3e510e6bab5a79a30b3c746d04c8e,1
0ed126a68c0e1dc5a49866e2cb0fd04a,1
3dbf1cd0fcb0fdac62530779fffb8124,1
0253a176eff9b7b4b8f91429b513b8cf,1
a4f63687ab2a45e22067cfd283ee31bb,1
abe2b4d1a907d374bc4c8b6205c04ab3,1
c5e202d3adabd8ed93abb87a7ac5d6f7,1
b99b5c87503c89a45bbef6b7f4947b3e,1
282fb8cee109fe51b8f00f6987c1be7b,1
59089fdf236389eb486d1532a053d249,1
4b37bd8653328677625e88ede647ea65,1
5af83ca81fade1c87b799fcc1ce88a94,1
273781f81b712f8b0bac1bc6f4760047,1
c28440d244bb289b61b19c6070657d6c,0
872422414d121db70336c4f4d6f7b035,1
a955c137cd8dce62df4dc43958c3d010,1
786b669a6b46044ccfdc2b76ba65f920,1
391908d20a78bad2e94a13fd7f786946,1
732f3ae2c354eb118f4b34091664d7e6,1
37ad2adf8cc4c9e52103a89cbd8a2e02,0
0aa2343e56637b1b9f83d7fae6f038dd,0
74eaa2f5c0a7613b9e82f7623cb13908,1
47d78b97b7467f3ab08ffea280004889,1
0793bd90457f10659f43fe1aa2ea2d74,1
23e96d680d7d96e6d012fd485d127874,1
b13edd17ef0b4b826410f13ba618a8ea,1
414e6672094ff7f62a3b83f59c5c5411,0
98a667c5a5edef5f01e5616463d9993f,1
94a6eb6524a79738c103d633e05c4f02,1
e519b7c25eed521183286ed0f3045006,1
f2b1d940ae8a984fbdc237e7a4ae8672,1
04f96296dc4e450031042387d3eddf6e,1
3ef02b41797a1c2be56d44affe13a574,0
55f281d7b7eaa31ba053a47933be2cc7,1
5fab6732e1a74f1a43d2ee490b67a153,1
c687d90121aaf5031738853fa6d79355,1
213c01942f7fd23cb567bcb5364e2350,1
15d88b4b8149ee9c52836a4ac90cc5a9,1
8a23ccf47ba9b0f2ac480471e9311e2b,0
1624eca3a678e90084c83ff10f516045,0
4a06250919ddab8ac0b11916dc6c7203,1
53cdc856eded53e9a60d2c2ce9675c78,1
0692e9a7103e9f6c7f59b4dbe5a002a4,1
0e3e0b851e86b921396e15a00b5e43ec,1
642fdc33ed0752ec3edc0a1df42b1488,0
b70799e73139409aeba1392d03ef4be9,0
e62156744a2b9fb1632a67844dc7c464,1
478b6908481c9c9b29b74ee65061c9d4,1
b8b5494f7ad2365ddb546ee7cc3be48a,1
8c614850df83c1acd6f8bbff4c952f04,1
e12c8f90c8ed2b0822ec5835df8ae1da,1
38ba2c7b5c104c952ae6592f12975e55,1
a752f9fe6dbf6311f329a221e3b701ce,1
ee59d9da5e43d46cc5fbd04ddb7bb8f0,1
ed5610ca19b0cf11d5f0919fc11e4a08,1
87c3eea338c1628de576b296e93331ec,1
410c62e056410455adef744517c29a68,1
00d4b7ea93ca1417393007c61c519f88,1
f6230df97600c1a1e3c63d72900af19f,1
07868d18d10b2b9eb15b935c30965436,1
b8aeee0248be59684ee829d907fb7047,1
5cd4dea6324b18002f214275c10828f4,0
ab43804b5afc75f063e0fc8945745868,1
fd8f34c66e2a32783ba5c85bc6ddb378,0
04b1bf541b3e96ed6fc0901fb95860ce,1
58b77d97c8886ce89a0850bf918dad9f,0
b1efa18acad8e189204b9f20116734d1,1
c3d67c64440b2a158807adca67540e54,1
8826d009f643a7e2b70a8a78c27af591,1
38a210680125a8cd0949901082785072,1
6abeda30ac8a60275eea2e7c1ce2e815,1
129beebec2646656a72335870a024d0c,1
b6b1fe215d373ea3e67a82695b8be568,1
7f82c276203bf6d76711de742d3454e6,1
20f5f1f15101adeba9400ec0041adf04,1
4a97b523701f259541584e877749fd5d,1
4ba21b0ae2dd1530fe49973b973250a9,1
c83c115d8a554ca3d3a3add6fc52b3aa,1
22c356100316faf712151e3ed200237d,0
2408bfdb522e32f50cfd1a8187e8c1e3,0
a48075e17acdc128994f00f5acb944a7,1
c6d8980342307a41cbe94b5cd6e9136e,1
a92c7f587bcf620ac77f9e1c0cdcb6e5,1
807166f25b0c3903378c6675d7e222e1,1
66c8b399e9e2aabbfe68fc426221264c,1
cdba63921b83437e1ad1652da05b24e7,1
bc17c030037f19bcf25d54384832f0c9,1
7a4d3147857d1dca7aafaddc8f63456b,0
20a6e1ef28f027fe2b4f5adf508f96bc,1
eda0fe3399e10efde562cbc0594ff548,1
d3ab903402515cf3846ed6f02dd7b894,1
a2ddc3a3da180b4e00684d81fc5f0851,1
4b9be3d88f32826b87a4cc26bcc83bb2,0
a095317aafa976796208b1c9c7c39fc3,0
255d45e2db70756d794e3736ca790b34,1
4ad5740778aa2e7c1c89cbf15e1fa33a,0
81d59997287c79057cd4e33bf8c334e7,1
1d83eb98b8cc29c2dae8c4283109fbdb,1
cdb41f11bd6f988bdaaa79f7752aa0a8,0
71837125d2bd510b8e6e5411f7c4a3f8,1
57f98051519a233f8f5ab6c2285ef5c3,1
869b1c6b9b6670b264db05557e621856,1
a986723a65538bf2f1cc25f3e82d0669,0
7d7bdc684c9486119c0ed8afc799a6f5,1
68627cf7cf4860caf3e82015b602d7d4,1
3266419708b09dfda8a10938c43889a2,1
acbc2b426ce2c376a07e5616375b97e6,0
e2cd66e03454e92198bd5db751c80531,1
91f795db57a6c9dba14c0ed57720f012,0
34320297927171274f081ad55e89d61e,1
05a5ecdb851de2ef3d375967de6c7332,1
488303a19f9736e64aa654cc7edd1a09,1
a030e591d00b4eccd6b40061132e0756,1
d357e22c8d8fedd3773f4e170c7e51e1,1
d9ce466d74a485007f2f45576badb062,0
3e3c345c5417ac9e5a23ea282dd64570,1
8dafb5d5d09001288a4771e516ff777d,0
c240fa1e2f6a6f93cc33610c300dcf2f,1
171cbc867eb51f74d0b16049d7416be3,1
7a2242255d1ec1f83734c74b1e27888d,1
cd152d7c293d3cbd44fd323535610975,0
426d3040ac20897f7e299803a3bf4764,0
3973b07e7a9ea855dcf68835bc809498,1
7cc62fdc2b288ae60112b46f6fad859e,1
90a2b4564b51abbdcc83b586ec385ac4,1
6b94c87cd6b8c9ff40529899c4f77ea1,1
94499cfb5c3c277b7a86496ebfb49ec2,0
9d56f699bd89d3e21bf90d527807d82d,1
a041f2659f452c526504e47a288a9138,1
40afb6d6f41d79af92560a1909eed26d,1
dfe2a389014df63db6727a7e08bdbd22,1
486a79b8d895a9f097490ebb7bf7e196,0
6241d6083dcf48a90ce57d0848323b42,1
d195095cda53f0652905ed0f9fba7bff,0
95f24a5d0375a35c609a1b924d608926,1
f241ce08ce7aae4b879b0f9f59e8c097,1
38818559bff9154f1c358b1943960ab3,1
7fa6c99979716d1b22cabb23ea9c7dd2,0
85a4d6c328245642afa54061fb9e7727,1
154dcccf21f87bf71695e61e86f8b849,1
4694a4f18390c89a297e7b56253042a9,1
44c066541fdb2cda3e76c7139ccd4ed8,0
662f43ad9fc4b58fcbac20ff100d7278,1
d5b9e9d684268bf210815ce4d8e09102,1
073aef38998bf2b83725273feaee6f28,1
2409c3a7cf42efb9ef8c35da911a43c0,1
09270011667c255cf0192fbe85e30cd7,1
fe4cc61f09077292cbabb16899f9b5c4,1
a77e0e87820cdda32bb0e3151e0716fb,1
e7776d8f953e1073807a949239803770,0
6d4d8d47d721214887e7c471da6ffe02,1
37f67569aef71904fcdf2ffd58e90eff,1
92af5e2df4c1288d6524f93ae0bd4ea9,1
6f9c0a6d5fb0f034b3584682e847a38e,0
e04c8e48289baa4d55476aa917104687,1
b31cac76aef7c2b467f7f473d7709d9f,1
23595ad45589f294e42960f194cdfef2,1
6f29aac2249dd2eff2c9a5c4459a9319,0
87fee6e9fee9b167d7708cc71ba4ce53,1
8c190b0cc8446004473f5547ee8fe802,1
ebb652c9515247edaeae7677054c6c86,1
2443c1e789ee72e4db213fd7001db9c5,1
41f8ca535f28a4fa11f200af875cefad,1
46ffe2e5697a7141fff1f27184cfbd79,1
d3bd6ae57951c6c23dbb07663d019ec9,1
207d95e2d7d83c7f715642c7ec8bf9fd,1
a7902d3183d8ed861c071910a9d49c15,1
f5267a653ab67c6c3db09eec8e0a6167,1
71d0f90bf279f4205a99e0c3e0ab2808,1
101a5dc8b7a0104d99ee019a9930f8d9,0
ed978b02d29e32e6e23602f039b73efc,1
a1392e1e1bc3b0dfb4448901257a243c,1
67fb5253bbee932eb6968a0003d217a4,1
e377dc8b82c38744de3915a369082237,1
0dad70b3886714ed7c84c6eb7b35222c,1
99d660b96a10c938aae8d1b94eccd60c,1
53607e55191dead1f47603dd5de571ca,1
03bb3036b360cdcfe3f833a9aa86f15d,0
5646cb9313c80c80b04cd47895263a79,1
15282cbb7423dbdbc273404c977a1c0b,0
fe8194fe6b7ede1e710890b62598d6bd,1
d3f3bda936e7a88639bb4adefff5a874,1
d0d902853b08b658565d1f0e04b672f5,0
e61a3a051844e8b9ead17faa4efc319c,1
cd59b7fa9ec1330ea5e2a05f95055b26,1
53bcf491e396a7e6d7c52f5acad2f286,1
c41114105a64442e9984c8766632b29b,1
508f7946adf11b921face8e0e170d780,1
e64b7a8f57de13f391ac7d2571b0bc76,0
2cbb4bef0c9c6debc0d89bc2b2ff7fc0,1
e6a8590d54f69c64272f166530c7fdb0,1
559e3ac1d215af70addf5c2e0d1d5570,1
7169e6e87452d3802dba20a377a45568,1
bb6fec8b61ffb4c11d79bee7de18f3ab,0
7ac2b5810f1ffa066cd14e0884bc220f,0
a76e87c3495b0da0261404df98f08833,1
224a2d26507d957ee16b04458f05c56a,1
28435a412600e40865095aae0f2a7ac7,1
e5541f7acc3513aa5ac2b526bd7f0c18,1
8212e54f6c03553685bcc636e0ddd3af,1
7b164e2189457d67e119966167377dca,1
1ce79d123a18ec039a4fb754a4ff8359,1
d42b2a4d40e6b6a5622b5b918c0e25b8,1
6d67f1cad3c5433e3f01b2744318b9ff,1
b51c02b7093822b95923c3b6e85943c6,0
d8d064df4dea07c46bccb2a5d2168cf3,1
06c47f77e389d8461799b219559b2c61,0
fb2b0580a645a33ac7443fd177bf73de,1
f785c7f99a7d0bb8a090c732e5258a2d,1
419f6484a295a70499c7353b72ec54a7,1
1f63080c9169b67ef1479d77c42678ba,1
60d927c38a5a40fa5004670f5b8397a2,0
6cab81ef6e51b68434ca67300f51167b,0
7c4b0cd53f9ab359deecb7a2e918b3b5,1
75a09a07ca9399801ebcf9babe47c52d,0
0e0ab8aba42d045b2578e5475f079aa3,1
bdea7ab2a696e937acbe84ef3e8ee141,1
c2b96db72593b8aa77bca7974e1b3474,1
8fd1d156ce129739cb4502fa233add16,1
95be5b7f2beb071b396a23da8394b674,0
36fa99b80a1eefeded888cb54e84f95a,0
d3767df6c4086c3a732011648a517157,0
d0719f560f2670598f57143970e12806,1
4b022c1938d4560eafde737b3a20842e,1
0802fdd4139b262935aa5cbc502e1c7f,1
51d24d8ae7bf85655a5a4ed225f3b66c,1
c1944c2e974e86b2d28de75ee4ff30ec,1
ae6c78a5b459d37b8646c56286615ca3,1
91c9031b25b7d6149fe139a0b8800633,1
5c1d2f6cc3dbac0edaba04e69a6f6ee3,1
db36e0ab5b6f7efb886554fb3e0ad889,1
8e40afad1f3b5da6b9996f430af12ef4,1
b2e37369e034712623ea6ddbcae0aac3,1
d1129e394328b1d0554a0b3077f728a3,1
b608d70030d4a04a88bc538ab753d0ed,1
ce89be9064c38a1eff27bce7e9546044,1
2a9e75dd903c627f85d612e1511b7f6d,0
5c1d32f334b1c94a9e7baa67f3af1a0c,1
cd223f5b9dfe2901d28122b8e2ba6271,1
212711d0931ee408cb6b997bfbd3bdc8,1
288e4b4d1391a5558a61d7c28bad2ca3,1
0b492fb1e278a6861a49512614dc5f8b,1
d7e0a24c15f55fdc41e523dccfbdc333,1
8f9b1754594f8bc2408ac1c0cb2998b6,1
9b7c8ae24dba8a7fb57c2cde64e244f2,1
11f8276f181e2387610e6aeb92156fc2,0
0e8a90a8865410bf0531e8ee82cf477e,0
714aeac233808ffb2b01e3910edff2bc,1
927730528c54ebc9fad66bd1abbed215,1
c5e06bb2ff2072ee4fbb5f642684b382,1
3b1a6a9e6d64166d0dd15ea711438a9a,1
23c5044fc0657a225024f7f0040d36d0,1
6dde756e52ff4c08d1d6daec6604e543,1
2a51cc9e1f7f1fe61537fc887d7aa401,1
5b855ba45e0d604eec53be267ea8c57c,1
df0d913628efc04048a4f51c3baa03f7,1
ba8cbb9a72f8c64cbc3c46c47d694d1a,1
099ef44564f246cd99057f1e071c33e0,1
7a35e709361c3d1fe0f650f5fd31a8c7,1
a2e1e51bec627ee0e8ab2fee212ef838,1
b3387133954a43619cb3059811ce8e1d,0
baa44ccef879a5f48e0dbbd06534d430,1
2cbe25b281bab1a4f3a7029c44bac3c5,0
8473977ee38d7e59a85930ec882e9226,0
962e53ef52470df15ae5963d154b7501,1
00f4279089ddc0d40e1470894f827f2e,1
cfdf3fe6f240565696a4ed5a3287ff08,1
f78cc0d0fc17a58385543ec97a7e27c4,1
78d45fbcd29c7034932e40319a721a2c,1
91e09976ddbe5733b71de728a0bf6cfd,0
9aba7d01b95e9bd71a637586d7bae1e5,1
37ab6408f3d4339aa4f8bc9fc33f03ec,1
594747de6633e33e3ddb9f35f1f26457,1
d4e17de50506df034cd8aaab6738df4e,1
1350e26eb1fe4fd07d31fc16a23db2dd,1
6c29b43d1c01380af71d6c68f72b30d8,1
9e8c7437f75c7511127b63ab4263cb02,1
7a779da2a9c6e8f24e81d9ca9a8dca23,1
abc2a601f4d0171906e372a0594c08cb,0
c6cf91f8cb33793910efb770974d8cd8,0
735c41cb2511ff58299848fa73f88aa9,1
8fb28b5e7a42c40272393456b5bff544,1
8cca9f4392379befea3806c90414d00c,1
7b53a9ad6ee74c13b79983cfeffe8553,0
dd1e4bf1a6c97ae8067294f53fbd2f1b,1
7ee706e868cc1246501e6941398b0c43,1
01cc16d38c49a3ecc2aec7f12a6a0656,1
6d026ea13279a49637f621d1b87ef5b4,1
cc8b0b8b6e28a7d5347792f6149929a7,1
859ea8bd635867bffbd517e4758e8f12,1
25f1a98fbfe0165fec1349cdfeea4c0f,1
caa965e05a7f40bc0b5ffcc1fb26403c,1
072a77d6a30e724af21b824d832c4c5d,1
7740fa2de1a94b24cff3409fd57392ab,1
105b2e56f7e5304b221290a6f128cb90,1
5d01105881dd9a2c1134cf4a7718cf14,1
20303f46b82e6f410cf0989f529be778,1
c91e2a2ad941e30e181225d6234a240d,0
a61ca4f00df211750cda4cd65f72dd48,1
0b02dd33b3e86f3980394f122fcaf450,1
f2744094484346b062261f4ae3a73a81,1
b93b94038763ecf2c4b1981a185ab549,1
7f4348a14fbf33630ab0701d3687e141,1
6402bf9cbc2349360fee08b58460a721,1
26039392e6d8f657c0d369d7b22794a7,1
5183a985694296409277fcdee274206d,1
af14d3448cf528bf100e13be854e10bb,1
9a8aecef4f2d407e059a4652ad4ad010,1
344a03d815ebe57d7797f7142d9712e8,0
c7a8a8bdb2a2b4e0b638c0cad3827b97,0
6b5389519632e2fccac3b31dd1c619ea,1
36b6a0d326d70215d5f6cf9c72b692af,1
b5542c533614a32cea91c4430167f963,1
9628eb71b0b46b5c21d4bf56c5c326c6,1
1cff6c2ffc0b298c4e9b95985e24f385,1
f6dbde8b4efb205dd8ce3dee7f602b82,0
2af884bbd23936be10808890c1fe8a19,1
9e1680bb9fcd1520544af8314a82cf75,1
84b36a2f3c69b91ce2aeff52935018e2,1
e83da045a53b1c9cfde2158a66600a61,1
77147ab998a6308bb9505783f25a3db4,1
00ebecac178be3c3890a067d6a28234e,1
279b0adfcb97af567b6c14a8a67485ec,0
c2b8ce926662b1f8af69f89ac1256c01,0
4c760aa3aa63471b705146fe9b78b424,0
5985c92c9e43b367097b3b0e509dde5f,1
f0f4e3247c398542c68f0b88f46b90e6,1
77a9f174b6cc01c869c09c36853bf476,0
e95856ee25f6dbce9323faad4199ba1a,0
77573a85f77a842be3befcecdc6f5705,0
85437a55505bb2efabecc7f6038aeaea,1
3b454c179695f61f60c6a5012e40d65f,1
75c8c5fcbbe5277f4b553e5e7199bd8e,1
c159b583c754bdfaeacb29fe93021e81,0
1591d82a0b5882d2c6ad9d2d3a343433,1
6836e10a1c329a3575d947316567dc0d,1
25134b09e8f643089874b9105c967aa0,1
b737861acdd08ad38cdaf36a34e2d193,1
01742519344097097dd43a29597b885d,1
6eff7155af132a81527c294a89666d0e,1
230a693a489d3b927711d31b1ecc2907,1
3dcdaf56102366f7eac044f4cd774791,0
dd72d7828385634c9bf83603f12f153c,1
d7d576302b0d8bbcd40560c222458496,0
09e90280eceaa041bb1d4f8fae79112e,1
486c33b1a472e74d4f1f72a13abb87db,1
7e878bc6de395820a0e386680c10bb06,1
c64c3985c3a0b6bf22b5ac3298452e78,0
9049fdb3c6d06d917bd12fedba69a742,0
28edf9a9a04732efc5401b722daf411e,1
6c279779912dfd7df84d2289556af3b0,1
fca07a5b22ac411063cc2ab346c80f09,1
c8171bac957fc38b91e2ee31bd31bcb2,1
efbec126379bce5a50a22a8371f98497,1
dd3fb504785e7a6037a8e54cb6ff938b,1
8c133a18b3660e003ce1a722929d9776,1
697c5c3b4f37cee52bbe20068fdfaa87,1
3ead30037e14a4e32117b0489ba24d7e,0
d58092463a49b6764a6f339d1c4e60da,1
aeccfb9670dd3c3f98aba1a3cf135edf,0
a70ef6953cf52e7b1921b363722e7a22,1
9820b64054bd5b94f92efcbf139d68f4,0
b85796a84d8ff3db00b073a6c88bd7ae,0
a8a83eec2ae9bd9199cbd7f30ab44d91,1
3881f52041e7d6f1bec499586bef6855,1
179df6b4219aae4a8350af7d8bf27059,1
2302966b2773840693cd131e583f44b7,1
fca6033b7b111051843fca4c0ea1706d,1
18151ea693519631eff8145adc6e1c1b,1
94e2887ab1a39c9b81aee674eec07dc4,1
59ba13777f1135a90102efdb5d193b0b,1
f18a14362fb4e6357037228414c2dd56,1
67d1d0a20c84b3c4bbe168f937fcd3ee,1
b1688e459007d1fdcc98a8f66573a324,0
b06cea63f2e6ccb87a8d5f13d140c9b1,1
9e313a0a50456f6824e4cccae1e568a9,1
13fc04171e5839e528f1ca5e1592f131,1
2539de58ddad538d810a24023373df71,0
ec955d0b3da037b69330cf35f6669858,1
1146c5928e6958d0767d08245d4596a1,0
5aa859470210f63af783139806ff4ff6,0
8edbf474df92340963d6a685186d38c0,1
221a6dbd55040cdb1f8edbc1ec821713,1
078c7954539fd758725237f8580103f8,1
db08d18f833550e9c72bdcfe065b1449,1
17e19410f3d0fef4f11bd5667401fe97,1
6eb0148cc8cf87212dab44208b93b87f,1
6b5f6f87df56c949c17cd4683b88cf4f,1
4bcf3b854f9bdf1046f55552fa8c7461,1
0d8f7eeeb1b01f5a6b31b680fc164e34,1
9b9bd3fbaeddea5b3c6f42ee6fe382a1,0
488ee00bd78ec8012e2fc9c1f785924d,1
f8007fdcb1ca54c544f0df0981bb57c6,0
4117b0b26a822b2bdba4241b0d572b2f,1
b5aaeb25aff3aea97232414b1dc14910,1
7e0a75e9eed29fe2c3f09947b77c7bdd,0
8de57105a54f3155b398041310f7a7c0,1
a96511d00ca4e01f515fabafe482b55d,1
fdd0b8fdc42876d2b9e075a7dc15fd7c,0
fdc8bb1e689babcb1616ebb57723fc17,1
90666d0f2a6d586fa206b5407a011a3b,1
c3953c8f564f4bdbc59c7f0d553545ee,0
8fc71f679ac50f16244e69aecb3cf850,1
4195cf9fda9ccdabae64e502a7c43270,1
9b893654b995100d9f9185d4fc5957e6,1
f43b1cf2cb7de5211f97b438e1ae09c6,1
564133e3c73230ac8944e7b1fb8704cc,1
091511ff399fad9aa0dedab69c2fae68,1
f98888bb14478fa9fe37b40f8ca70a34,1
ff97af7f4f6b4debaf87a51907a11e50,1
386fb55aadc95cc166bcf80f7c39f603,1
d4d07f2c328fc5331d5970187d2f20dd,1
47f66f044b16c7a363ddc88af1759640,1
d09cb32c61b4559593b790e0922a70a4,1
e6a65e9616f8e7946e308217c2707982,1
8d13af9fddccacd38ae228a90ae5dde4,1
88dffe8d4b07aafa14eb8bcd101b391d,1
60ba896ab8568937599205519eac605a,1
f6bd07ef683431552cfab5a3f314fa26,1
ef0f940399588afd31e2713a94cc5926,1
f22646218bd95697a63a855a7dc07a2e,0
3aa4c5f47fba2556b1437c4717521e3b,1
78b01ac6895bf1033acbaaf3c6619049,1
58bdba4a61c9d725e9cc89f607429f90,1
3f76d6adfd80398ee93e3fb81caf63d7,1
69fef9c115d2d62b9b4e5224cbceaae0,0
fdd0d87438db4f9eeaf66fe0c18a8ed6,1
1e430d268f41d7a7f236e8437d9fac17,1
52fd4ef7c746c563c7e6639bc078f8c7,0
533776f7faab6b6461be346b1f9c471d,1
a78ef5f49db2cd2a04c81f8fbc9cfb39,1
10e909145b2869b69d162fa8ae78aaef,1
c23c8e5184a66936c42816e22e0816fb,1
1017bee1cb942afd835a29edd0418358,0
dda2e17b824201b465be73662a7d68f3,1
a87ed29f9f372b01f417e1895d34f37f,1
8d11845d9a99190eec5adf506fc89dfb,1
201ed16c37d73862b2914716c9004ac0,1
50a83eb8acdc2aa8222e23441c6aa52f,1
b2d02cf5b603e5e044f0aad935b4a42d,1
cc7698fe6895064499f16a19de0e12d4,1
4a4fa7aa436cf2bc91e973d7e42ea41f,1
9832b63f52ede2f653b8f7b84650473a,0
06872222878a7911d7a5a9fbffd19867,1
5602c7dd278e63b4d8092eb616a5c840,1
775723355d35e76ca1d07a10eb04d857,0
77b2cd081c34adc1c6775336e161bc13,0
c624388e3f83065beb4dfb3c12b6acfa,1
633c7245952090de0d73b8cd76daff95,0
0c155a395fcaa44023eee04d1d3d8962,0
90364de77431cff8dc606b2b3663c7fe,1
1f9727eef57354cd49467ee9684675b1,1
3d7235a36bb1bb55ab30389d7dff2585,1
bb5ba8407a99fdc7b1680de381106680,1
0df561e66ffd6a434407d37eb08a1741,1
ecaebe812e26a9fd67cbb64d5cfa2f05,1
936a0603912bc031814782f9c2057ae4,0
17c7b9831988190fe808396ea3433501,1
e09b7659ef6c230de3dd6b025162f01e,1
1c4bd3597b4a25707489195203de795a,1
c4252085b49ecba373eb9b97dbd6961a,1
5beea0bd40fe218b510200d10b76d6c5,1
ab409afba485ce5477235faf649673fc,1
abfffb93c362e1c6ab48c22eb743d0af,1
a82f3e66759c372fd6b3f186ffbebf46,0
60acd4dbbe2343f01f3074e8c683e247,1
632f8df1356dcf2988fd7f9e8c096d87,1
6ffe6d2fa1e33b1e1d4e1cfec6031863,1
e8c4a11330f9dd6e398fee29d797b57f,1
7580c72d68127d23fd05ed9757b5dc0a,1
91a290f417bd75b8221a3069b103c153,1
b0f56645a966d65d112d7426e3239e97,1
9528c070cabb749f969b056c243d7dbb,1
78a086c2646b717cc2e9dde76276c038,1
e0468f02076f732587173235fd7d2a25,1
0e1709a00be5b18965910740a8ba0a71,1
fbfd019c7a329643ba7edddf184de45f,1
dd6667dd238ff6a30d5f6cc83f7a3f75,1
cc74a097132eaaa2a7af349f8366c8ac,1
9a03b9c0a0855ea82b47c830788cfcce,1
cb52897bc8ee7f30133d548a65e974d9,0
4333c158ae76760ad07f02bb0d244fc2,1
4a3fb8b1898bf7cb1b26127b0f7a330e,0
00afb4420bdce881ad216867c713c800,0
4ef1fa6020f23711cc0e06dc1e7dfdbc,1
d1f4d9977cfc74a0e029206ff43e6ee5,0
a0c4730643a42391ba631c1c784fd588,1
2de55be779b4ea8c388ae3839ed05c68,1
af4c088b86fc35de1f573c8f3ee78b70,1
2f1ca316b9a0aeb8baeaefbddc1c1011,1
d2d3935bf0e32a38b32c62b27eb9f58c,1
fecd508a4e04885cef241635abf6a8e1,1
08495f9c379ea65a152f42565a8515c6,1
b35ddc601adbf352f4674c3a029b057e,1
288b70fe9748f9188654eb5dc784a309,1
46e22f6c99490ec3f088ae2024d35379,1
33fdbaacfc97320ff90ab86cb7cc9933,0
3bd1a485d1ce7375e0057fbb79b81dc4,1
976cae3dfdd38e273fe31d05e5401085,1
ec642d51a3b64138e7fd8664863f914e,1
ceca3d3f3982552f63e71290c749af25,1
3bbeb647a6783b99a703fff70387e714,1
dfc163e69b037bfcea66e6a544dc610e,1
7fcad75deab335835b17139e2e6ccd02,1
bcda3f8227bdcacc88b1697973472371,0
67231020f17fe5865daf40870cdd5f60,1
9c3523ec01940405f6b83e5b51263da6,1
fc636d0813587d962da5f6a3258c2a46,1
1c3575e30b883179e4e26b8193d62b14,1
c204ed8ff0d5c20dab71ecba71e9928d,1
252e6aa0ae09fddcfd84e25a50c0bebd,1
b62e17cab57192b3ae9ccc8c891c92b9,1
549764c39e9d32d6d4e3c45fc90eb1e1,0
6d83ad80f22c7243765b549e2d10cd57,1
b4fa272970ca328e59c77f92e1b91170,0
2e1ac710d9e294079b9b7a3d87697b52,0
0c00435379522dc928e9e33d161c86aa,1
70577a91772ebdce0e642868790afd53,1
8542a9cfc409b25b5d63b61879acbb66,1
56828dc5ea872c6b92de11a97dca8c99,1
6ecd05bd676ec8a8691d2826dd328c66,1
8439d69a57fb7ce5a50019cc3cba20bc,0
5ed216a205f2ab44f72a0aaae3db7c73,1
b2dca0bcf2dd6fa90171ae1ce4d173a0,1
5e6a710224c24e612227734e016a1a30,1
c8fd80026e79be8368c2665e8c13de39,1
26477480eddae9487180415946338531,1
fe1bca96f33fa4538da0dfef8882135b,1
00c09f406d31a0cd9402862fbd26d930,1
5f62ad489fb8885653a047d33dc7b4f8,1
ee5163b503099d42c5c3f90622def4bb,1
3504ecb267fb62179fe60ade84604b85,1
06b7c8dfff5314b825c6b2b019b4e16f,1
05b8a34a6c9a898aa7beb5665762c921,0
723b3a3efaf7ecf5fb82bde64ca45633,1
2006c6c3e6dcfe700660f0c4c22c687c,1
a1f4b7faf78bc58f6d4ce1529fb73bd2,1
28f5d35f0afd7603dadff59130459939,0
3503d7ef87666c1b42a378e5a4ad827f,1
e09805b11b0bc491bdb35eea7d028ce5,0
d163295aa110113c28f3d794dfcb1741,1
75c0a750073deb9db823f502fd57423e,1
97c5790107b340af92bafda90b857ba1,1
f4a1f593b068f1f90c1676d56f3aebf0,1
0e4a904753e6f9a58e50b266ae4ef0b3,0
9776d2cd319df57994f78e081331cbcf,1
0677f183db212e98c1503f73f32cdb33,1
331e8e2cd0e1d7d5d61efabebe227713,1
ea73dbe60eb15922ba89496f21855101,0
5c1938e1ad4d3d26bbf6c0c286bf2d8e,1
e80ca78035d7e256eaa0bce8c01b5090,1
cee9aaf39bc827ead2947c40b59b6782,0
629679a702c09a656a260ab84c35247e,0
2b54b3883fc8e056f3d984bc3500df15,1
3c57118915da20c48869d26d354081d3,1
943f5cc12e91c115a48108d53560e292,1
6b40472ce949b4e8288ea03ab0b412a7,1
d13fa68bfe084d7f4140677e97fd18a4,1
8a95db8b1ec560b083f0a3ddbd65efa7,1
38bfdf54ecac26648ceea4f42b301b44,0
8789e7588e52379b92a618301cad190d,1
c4920c241baeaf95302582ec3d197e19,1
ce94293b0de266ea7472fff922ccd9d3,1
614b0ca098147cf67818a028977d31b9,0
1c130096bbfa001a0902aa20eb533cae,1
99a493077c649d57c6ce42d1f5950dfe,1
1fc6513447b10fa8f7da06bba1bdaa2b,1
48d79fefafa0a1d1174e79bd8455f5b4,1
0bb0f54cab3693065377652f1563f2de,1
dbc90c8aae7e2ccd83915a314a95252e,0
94f45b4674d98e818f1e848351816754,0
fcd805cc53ce42de2aa5983cb6022e0f,1
70129e20e7ded1567b783ee218f4dd79,0
be1768034df67f7ee441c94f1c78ff6a,1
d41a3c0ac42e993246d02209b682a106,1
4d75a39aa916b5a464b05339d8832f0c,1
ade210415d3e10d911b161246ac20390,1
d269ff8e32f9fbc3d4850799167aca0d,1
e2db0f002f8f9759945bccc7a5298e0e,1
5b854bd0200d81a3bc03ec8cb8b14ef9,1
91440a9304e254db0c5ec11ebc4d5f64,1
9d9ce7666967c4bd20735a0d630280a5,1
ddfe15ecc62c5bb4ec49daad139b8961,1
a2d982a9b72617151f260480fd46fe9e,1
24492ea8b2707c78eb15a9bb1a90d245,1
9685846c91cb40b63c3418200e228185,1
dbea791bf3915ad93b65ce3c4a1ab5d9,0
a097806cb749f7a6522e68697902814a,1
f0b2a8573de699de316a25b208ac74de,1
5ae4e5c0020c3fda6910e89abc33c2ea,1
041e32ded81cdb352fbe7749a132e532,0
e919abf05a80a6536ab13b20995be76e,0
3ad7d6b52f4496f11ed3afc30e541cbc,1
73eb80fda255fbcc9b066c67c8719a44,1
d4579aa377e9b370a8dc7040d8f6d937,1
7c8484182a8dc335685f1a19bcb4e6f0,1
ed4b6587b7656f15d3c5a37f8b2f403d,1
857e116ae902d4472d248bea1a2bb6be,0
f1126dc4d81f29093ba839a485785a48,1
d7e308523ec4313e80fd538cc5b9805c,1
f5983eb536c4dd7fc7375cebf97b07aa,1
ac3dec89a08048b8da59b8d2055ac000,1
f0ced3e4bda339ff70f698bbaf9b58b0,1
6b420e172fd8ca0b1891d83a055c21e2,1
495fada28cab24907fda48ac6d964007,0
d8ecf85f225bc09857cff80c7da3de04,1
60382d963926aefb56a8beb23b69adae,1
2405877c974ebcc279b0234e6181ae50,0
a94f21429caa4c84bc6c27b32dbf9635,1
4ba41671829198692a7a23dbb8bc99ac,1
276208c26dc7adcf93f20f338b168523,1
7f6ecbac83db929619fd06236e5b8a2a,1
985ed9ab82e33f99d0b3936d1df3e96d,0
1e564f0f7ddb995e6818ac0062728f35,0
ffca28378a5df5113d498f59ed282a98,1
746e9f3cfc4de8eb87f00404fe409827,0
0ec481f1421ca935b4dc8df851481f17,1
0ee42f7fed0873f4d316c10429725628,1
d907b48e18ea94fbf529a9025e8897d9,1
3610ab3ea5c4d4176776b720fba21d78,1
2787c1e43262b91a3af84fadf62083eb,1
5184c9bbd376f635bcb1d8afa7554c88,1
41bae725ff8c9a7f961f0afa75bff9c6,1
608dfeb5845d857263ccf194113b34dc,1
b874f1b2658179d7aea2ece86d2fd8f0,1
39900e91b562f0c5ae333c4b8b646989,1
47cd25d8535d4aadf5fd535e5b0fc5e7,1
31a871ebe3a103a9fcd65c39a802fb9d,1
910b39978bb1be6fb9636065fe3b0287,1
82369e3276143345fc059fc078b10346,1
e44f28bcacdf0c2c637f037fc7aeced5,1
a0d1839d5f054cca696252fa54381eea,1
884ec1c69d3680df7758d8e1c892a3ea,1
db1e871b3b98ea81975b7a45994fbac5,1
61c05e39310215882717e88806fed948,1
7252d05e18fe3132b0b77ad68e75c507,1
81f5dfa7289952b3065f1b9b3cd27e06,1
f8552d096b52a797fe940ea7922dfe0f,1
60a66dd1f46c82b50627e78096369aa1,1
a4e28bc2b314d2b3f825b5cc37fa212f,0
4298bd1983df78b862775a8ccde645b8,1
91745fb0834655f3a821d70c288f6159,1
c73c66399f3539d7ececa764570d741e,0
887f820d4dc82ccb456cb8e747a4bcce,1
dec513081838251c0a0ae65b273fe592,1
3348db53e57b2f165ca1c78d443930ad,1
30614b28313100284f25a50d054ef4e1,1
e02586979065d1bb44dcea5e27f826c0,1
414162b1c5414b5b3a2622a993d7ac1e,0
f01ee2e36c9c3d33c40ab73211390b38,1
9ce2a31b33b01556eb4f3bbdf7a9e29e,1
bc81144c2111b9a307c79f4141f5572b,1
2a735ee961ce7fabe6c6217f3a3ef53b,0
26713db011323858b079171c75c23d99,1
224fe3fb519b2d7a892a10a12893b2f6,1
59b072584764ca1a0b90cde46dcf4471,1
8eb720e7bcbb297e93b5f8a935e53e0b,1
55a961fc2b50da50d50ad196118014cf,1
7de2e883d330a8fa766af2827445c478,1
437689450f860f28acacebe67abf9d54,1
28499edd018c9e8aab1aeb43566edaa5,0
13fec3a391170ef1a3f80b0b30d04aad,1
fda68eb17bdf526d98fa19a3fd62eaa7,1
98c1400fa5baf56a27576756364f9fdd,1
42cff7feb8d3da7533bc2d7b0fb5eddb,1
b876884447a8c759eff4a4386a4df70f,1
55118f09b62dc0af50f5cbbd22e92325,1
fe4a15e89f7f7e956e802264de0bd064,1
e2038f2dcdbb30627c74c7fb8e8ada7f,0
0eb1980e3046cbad443a909d1ce87866,1
f28166eb95b83c9db0d434465941f039,1
7e4fbfec3f08c3546e71397d63dbe1a0,1
1d52576b5bdc2e1de27ebc1d6ef44364,0
3359269d85ed23d0a19ec3ae2b48a4c5,0
adddd6983e93ccb6e7bc26085e9fc8a6,1
cc05d4177d6dd4879eff32487b564605,1
a397e313cd361b683573843479b0cd12,1
cd15b9f175c992674529ce77f2536644,0
3c760c350d8f960422b6c53b87c734cd,1
cb596c1ba778e9f578420f758a8c3876,1
ced9e0c940fd61ce65d138e531d9f3a1,1
678fcdf422f1a9ca9fa518efbce79168,1
7bfdd4d720b90ade58cb40ca8f0a4a3f,1
11754a3371befa1fd13ae943289c318b,0
611a85d5faa0f9300f2837efb9ab2b0b,1
34a0c8b3e1dc62dffb9c80670e8bee4d,1
53407a519525715fe10f141958cd543a,0
67f732226e4829bfa7c743b222636f13,0
efdd1b7078ddb17ed46b913f157042a2,1
91266ed93d1a400276c51cf5d9876295,0
97f5ddca8b823f3e7288322d7b4d4b1b,1
1cabd6ab494f79224965b368c46d5522,1
26211b9ea6243c8227bfa03e8c5fdc2c,1
53000c6047aaa681e247162b0808ba79,1
08c8c73d9d3c6d8c31eca244c3bff228,1
50f7a0b92a276b000c0fe6905d1d3614,0
b2ce5d29b1b5f2239816729206492107,0
1e3077bb4b6676ce6a8bbd9555d5b6bb,0
8271462700c9c1c05ac17381a962e9d6,1
69668ff38685f97c1a5b94f0e7e0e60d,1
f04678ac6ade1cf79ae9fd2adb32808a,1
dcdff26624da7c59bdf3b7432c9a0957,1
41b7e204b5b6b4356df83fc8589e54da,1
5e037a24bd43ae255c804e48a03e0cd3,1
66cbf03f986ca4fcef9b8d32f5fbb361,0
a95d7388c84dffbad0095a6753bee7a0,1
73a845cb360f3d5a5ab61c68bd67b448,0
afc2ebfc2dcc139f39f650bb5fe74cb3,1
b3d11b38b4e207e1a12516ebf6da8fca,1
3b0c9e865b28841c4b82850923cbbf2f,0
24c5078837d1e5aded63f91df31f67cf,1
5913ce2860b0af57b58ac0e715fc747e,1
bac015ebc08eb95955cc1cda4cea9b2b,1
ed57a7a0b830c7cfbac2239298633bed,1
6dfd12079f6ddab16324acfb6f48ea97,1
659665e350834e3c1c19012aba2ffc1f,1
3b10a1c39bb2c5a313dfe629c975cb60,0
a02a853f1f579cc55fcfdbfdc9c36a1c,1
215879796499fcd5ad7957dfad070f79,1
b6ebd8a60abb1e2ce87eb9a3ec5f6f6f,1
9e5a11a8b8f8e31d46e8274cbb365c4e,1
8ccae8fc58dadbc8df74dbdd0216a691,1
88658d19f9bf319c1ba62425e3f6bfb5,1
165eeaeb413711b22a3cfd8d0a2d9a68,1
8227c9290a8e01dbd504a8204a6607c0,1
171f8d0c589550a8674104820239a79a,0
d65fd81809e9a3488e916110702482f1,1
9df49d189db8d59e1ca523a3f1cbb80b,1
1adb54056cea2471c1731beae9aac8a4,1
1c73c80fd014601befd2896ec34ce6bb,1
a46d39104dbe328aa5b5fda72023f75f,1
a358b20708eeb0b5c585920b574eb543,0
dcc93800ebd5110abe180d2041ebd04d,1
f5eefd830897fb47001373d27bd28362,0
37bb5e98903afa85363c9fa0caa3e99f,0
476f7d2dc43adbe464d433c46b556650,1
00b627cb5578bb036edb01cdcf7b56d9,1
d8fa9996416282e57590941f806bb6e1,1
fb2c8ecae4ea24d80377ad77a18f4bac,1
b160762cb73135c95b7816df7724fdb6,1
20e8f6ae7e3a718bc35b50c2f862ff04,0
a3af5c1d70d2260d34e8d128a4bf93af,1
edfc0b2d63284355ef246c135d912edf,1
b44405d26d06bef2bfa70e6fe8d7ab80,1
fbf97d70f48e3020d9a1d820aa06ec36,0
74c505fc6678529987a9725cfb959f49,1
414535bcc466ec98fbde968cd8b303d0,0
c3263c9120209ee31a551b1d14b785a2,1
b16ec1618395c86544b0c501eb854fd3,0
1f047cb70eb5a38d320bcd933af1291a,1
dba522a73b3acc72401f92ba1bc7f21c,1
85a5ace516eaeb0b522d55f1c1aef9ff,1
37c4bc0b0fea79d9c16d65375ffa4198,1
e2559d495d1f97c9826453b0e09ec457,1
38b00e7a1abc458ed1e89fed111b66f6,0
930fbf5d13f4fcf56b7fc36d033881b3,1
8f63d69148fcd2e1b9d3182c293a4c3d,1
4f5a65428a98456e842518e20cc211de,0
76270c5148445187f51acd64513eec33,1
af625e72bf7480534deffcefc24ca580,1
06f17d71f81f787ba3ac0a313e746e76,1
57e6b7ac7535e90ab25d6f6adf3b2a19,1
61058df8d779e60b84cd9759029e1087,1
a722c6a56c5eb6f6349a706550462178,0
afdcf4fbfd7ad7546536c5d5de0dd5b1,1
e4d51029f104b70d4c7968332d467236,1
185c227648705414e82170c2017714b1,0
59dd99405155a7ae7e0c448d3876300a,0
bf9dae3978afad6c73965922aba06a23,0
faa3caf043b413d91b9ec2a31f5a5f05,0
2a3b4aea8075e7565d02a8d80024ac43,1
68580cbdc3aacc1fa544b4079640a220,0
d26599941d61aa42ea763e9abf4818c7,1
04e5c9cb77756c7ec6a1fb93ac9baa36,1
f96bf90c7948f08f129fd79f6ab7272e,1
04a2a2d48715c90cb68ad1f7ae787777,1
9543ae821e81ea0695e2df8db6618b1c,0
22b2cbe1a6b306dcb60cf663bf101501,1
d385d824ece62a00742b5e51ca8a35d9,1
b2f0937a41367539bcd468bae01ad01e,1
0fac91b41654cdc0cff4d418b6d0802d,1
4240611a18f20d25ff0772fb08c2bb08,1
b5386387bff4aa4e705f5f286d202944,1
8935e3a3636dd0d94a54a263b754c077,1
62a0769597abf4db316e1174426ec3ee,1
3870d1349d106173d626ce9a1d4ca56d,1
f80766be74490793e0df494c1b34b4bc,0
e436ed0d5c3470285d971010877f39c4,1
7d59845602e8b2f5934589626ba91f3b,0
051ec72ab08331757c558a8765747ca5,0
92c6fd765ccdb33752ab6545c41ab39a,1
86e5ab07c248f198acaebd7416509914,1
4420535ee56eac2e59b4c6ca38387dba,1
2f562b09f03c80eddeb5105a0c74ba48,1
aae112f7b9161e6c2b7b483614d1f988,1
0ecb0afee47001d7fc35dacec2e2dcb7,0
ea5271279548c15bf8c4ce07f088aae9,1
b6c3bb6faa6ef9065bcf32683404e621,0
8529030501143cf916f22616b3a6ba7a,0
280a8f41e1903aa7ce70165a3f304602,1
c66da9a1e7e66a5dc9eb3b287fd3f635,1
8a25cda2e5ff7f16d8fa5b59a514bf28,0
bb3fddab22fbc8cde1552df1a245fe81,0
d0b5cb0b8434159e1e918b2552dda0f0,1
6a3b5d59f72c184c70e79aa2ec8fe9a1,1
5ed7e997ed26a07b1e16b37484d6438e,1
fee1e968e59c76f6fb014fb9244338fb,0
04ddc7aba0a295470bcb7016b96ebac1,1
54a36f63c9c9e35cee43c1aed08deec7,1
b22f97aee85bb6b489f3aa01df791dd7,1
11272cfc943ef69f9df9384232223ee5,1
f9b945e427f3e45d4e3aa7225e6c5a66,1
642a3bf3f2653d72fc2aeb6b011e4627,1
5f4a2f4a89a8dcca0fd912a4e01f9184,1
39ae516b5f7a54cca0d9b1038564487c,1
d9a78b4211a926b6f2822ba7c42e28a1,1
fe975c6e13e16d8c919a0818fc00800e,0
a629d7aaee38e84d17398fb23e694f28,0
4b8395676eb0d0f5de782597bfac9459,0
270ca1fdf242a63304e03d7003ce8935,1
015b76d5b1b791ae276d79e6ce20cf91,1
2af6023b7e01081e0cc60bf41aa673e8,0
1449ed1726c3f56fffe518244afcc828,0
d7ca891157622fef7a775a857fb14d26,0
0619bf8396a765a73f7a2b8f7d04acae,1
028b2749c6566e8e3a3776dcdcac802a,1
aeba0138d47f704c466b33b287079d2f,1
e62e8335951e29ef817023f963698bf9,1
d8c37d34d655b6dea8dc150775f0aee6,0
4fb98a01ce4da1d015843ce33e3e968b,1
c0d0443897781abb18e655de10b4b754,1
8d52dfc1fb8365b97b039cd548adee04,1
09d29a54d8cff4be75f36628045cd692,1
2663597677cb172731e96876d2a32f08,0
ea15dd2df9856267287bb2ce1283d919,1
c346a065d000703e79d0be4da1138950,1
bacd2d0d2854ae404cf684b43c0e268c,1
e027a2d3b5682a2a1bbb292a9c34cecc,1
a361c80b15966136207470e8f88b9b8e,1
28df4086efd92de2a037e1df4e7d53e6,1
472cce3f7128fea015d8c959e3238b6d,1
24c63ee1695d32c7af7aaac96003e2c5,0
8bbb59860d787cc2c59fc29267241c41,1
fe1469fd68648acda91a4236de7499aa,1
914ede43d7cc46f58043c6c0ce366392,1
2da095225e659e1a57b8d3c4032001db,1
749885a48cb35729876e1f42bb190f4b,1
8a4a58647857499d125afaaedeac2853,1
b23ff71c6fd9dad5c6ecd203e45b9b73,0
8169299be39272383b35046e01908bb8,1
9088772e0a9727160baaa005ef542eb4,1
4d8346baf0e605e2780c86149dcdea05,1
0ea9fd1582102fa8466a00e3a8747fdb,1
de7a752fbb6ad538d9f236784e55ab45,1
ef6f51ca716501d22aa361c7fbe2e44a,1
a7c427c7a9b4854a20728a6d7574efbe,0
cf0c2a3be99325f5bae7118c525be8b0,0
ad314588d654682b192db5cc07594bce,1
a2fbc7862b1ac02fd512db9e4dcabe85,0
1e0680e420c1642bdb62c3a3c0117e69,1
2ba6ad0b2b3a593d681b945256396a7e,1
4a1050ad530398e01f287e0b685161aa,1
5467cb1857ba3c16f7d7ea7f64d86fdd,1
f1e04794045e3ff0cc167826cf438937,0
b9eb092e60d31c8279c0cd0be6f60cb6,1
6b48c95b2fefd2819eda8971ddce6a05,1
5be4b0a1b0e0449cb2514d9a737874f1,1
17383cc10ade23f2916a8cafa7acace2,1
4ebba493897a1affc723e306ba164c50,1
c68e3e773f0606841a23141309fbf550,1
b782e9ec21226aa7b4b62a9ed7932776,1
1dba96c5c19083795c92e9ff6c752cee,1
8dffa62e0afb86b7919879f6ca461b97,1
69cfa906a09f3156ef883929a3055d38,1
28b5bff3e86f8dae8d1333279b4fba31,0
f291e99ac27a24e20367bd9bf4e0c7a1,0
b219791c77ea542879cfbc2239f50ac8,1
86f71a258a1c9867dcf0e9522bd53ca8,1
56cb6f7c292bdcc412c491f88954f19c,1
2f2cc1977d3036658b0c29d2de043703,1
494bc71e985dd736d552d33bddf9e67a,1
f8ee24b9a7c814ea4d9be2f7e2ca8567,0
4f89aecf4ed01a3ac5a6d7cce7ff16c8,1
1245b0cac439f1bfef9fe241dd4bdc86,1
eae49c991a63178e0eef74990272b8e7,1
4437564b6632dafcfd5fc0e505f71798,1
0d9b4f7c3297e073182a9d2ef43b2bfd,0
19f2c3c45cc60bb8bec0c502296f3e12,1
a17ffa93986f3f90c7daa69ad4a2d6e9,1
d58788b8a9351e4f2195d975783885d4,0
c8e718be35c0155279bed82a7e561029,1
203815730d2b4a7d98315b633f7fa6f1,1
26847856178e21c84b0815b64322344c,1
969ab72882f8c173646e6c0b6c870edc,1
3375b007eacc87b5af91053acb04d395,0
7e300dff1f0505e3ec36c9c9bf8b5946,1
b7e4c395c5770453930b05f9334e6457,1
50dda744097a45d64e52f4fe075a5117,1
4500c5f7159d2794041fe93a6a12ac45,1
d8593043578c63dc8bd422b8b5e2c50a,1
7d35991579335c82ce82e041643845e8,1
f0cf2a8740ae1e03ef94c90575c275a8,1
a78302d4885d5ef1960f1a6abce2790f,1
dd5b3d1e458d88e5e1e14d442aa03fde,0
cfb27bc69fb2ea022d21300bdf760d57,1
ccb9ee13556655a44416b2e8ac44c797,1
4ba94c7463d656dbf66db2cd1cb33e2f,1
8364c4ac68d2a6bd8e6202a034d3de3e,1
1bb4632ac0830130c2b4aacf6eef9dc9,1
94a03f5cddcf37a7fa9548f53d4cb67c,1
02c8beffaa1d1130f50338336a13e81b,1
ee403937f68cc8e22337975ad0005c15,1
76e7736f43de88a99f54cf6f7e9ad5b8,1
0c84eefb0eded91310a0b2e4f4bac511,0
cd448ad4670b26d9e4be16d1fd229a61,0
eee292c74f2ddb32a44bf84e1c6da0eb,1
cb697ed79371061f24033ad66d155898,1
bfb797511453bfa259b56da04e183dfe,1
dd5e7c97da847ca79ba029a57586925a,0
ae7c95335e7ed6eb5d818a21a63cf20f,1
66eebdbe2c8eddd7cb9ca64b4403cdf2,1
a9e922cc868fd5815ab5574874b10f0f,1
ab274ea7c17b45a1d61a12671014fcc4,1
7e373f64a26e200cd2919066d2d66b9a,0
f89709d328fe60f8e571cdb0a8b36025,1
b0046a97b8dbe1f18a74ca2c46b63b1e,1
73813b9553e7ec4c14d9b2208e080d04,1
ce7deeadc2812c9353f94669a9001338,1
a2de7e6155711c57257491994a4b3d98,1
6dfecc7882fc9ab34d02ab3ddc468d8e,0
27f9b4890b7243eb5912999298e84ec1,1
f7f8104f5a6812572e8518cd01f62725,1
8c4cce68ae6ff3598eaf041d41f24caf,0
dc954742c96195174942ca1f195d8712,1
0e76d98027441845b3a6575a2079e355,1
21f31d08026ea5b6cdee65131a83a6ca,1
690e89068aa98e4d290fa9420d0aa4f6,1
7c904497820b3b302100e5533c13be4e,1
a9c9b01694566536296c6f34ed767a21,1
2915b8ee9017a6a712e29f5c2eda86a9,1
b3327ac6f1f2d6d2100e97df5554e3f0,1
e27e7efdd18ea4438145907fafb374a0,1
1175d2b506edb4c508204335e738afc3,1
d6661b13519ef67710281950d089bb4a,1
18125e3ba355f171a09a5d32ad8f065e,1
d554a3cc8cb5ad65c67e8dcb3e4948e8,1
9f3167bc1cbf8d9d20432f9755526ad1,1
a4f1d60c50c9ae07bf37c6b2b2b7c6f2,1
6ce68f8a8eb5349591a5769f78e6ecaa,1
2277cdaea2579a33ad943ad88f902e12,1
3f530d459da4505557bd82ae02a8a467,0
07d8d33f52856ceb259375af6a23fea2,1
5a9adab87925c463dba36b3133d0114d,1
67371fe12d9fb7c26fade48db59d184e,1
103722d652de0b04483139d42ae4682c,1
bf20ae701eaff70d965a133bb39573a5,1
5fbabae4a88bfbd61c88c8ee3a0179c4,1
dcfc1020139c2edc03de55e586573671,1
62a3e8202e245e9e9435f855b363130c,1
a009b170ca1e3a8f0e67d09cdd6e1ef5,1
a122368b28a2d9d7718dc4e8a970ee69,0
4eeeb4404f4aae9df90e00f80dda82cd,1
506e927f9884011fffdeb8c5523d3490,1
4e4a38436cc0a85a647344eaec5b0363,1
19fc492b22bf0fdb1b114f5d5a55c531,1
3fca0f9c8533f386ae0a7e65dde11c34,1
cdaa94b808ebda73e8e74820a95de946,1
b159022e153a1a49a3f284f7f0499f3e,0
21a919312d72503cd2768a8c973f1817,1
938130539c9d75835bc04075cb020431,1
8d674411bc7fe28f6ab7b6c3fbe05a06,1
d59747b316a32fd292fa6ee78d7777b3,1
56cbbff8425b27d2213a4f33064f93b5,1
2994316f9e0a95f9bdedb90753a4c824,1
d322be4dfc3869efcd69f18452d9c028,0
893ed36b443cc9b0e7b244ced87a65c9,1
4260509f7ca1f6312443405d571447a8,1
3607bddd3ef6928112eadc38b247ad24,1
ed236fb7968374b4ae62d91a22a08df3,1
82e531a0bc3dc260a204247c4cc3cdb2,0
d61cddcf0c7309c345ee073576e28ccb,1
22fcbdb87fde095fadbbac0900dd328e,1
1b569d7c738311c0db48557149f6da46,1
8a18ad468668ae84547874f1de7a08f3,1
40d60fa6a6a5de5d6abb74b14ff9b0db,1
7ac93bec1fe5b334a6f6e71479a7ba3b,1
69310e9db75a6becae89bf7b9146e23f,1
bdb449180d851aa7eca4e9bf84bacb79,1
3e64557ad71c44f773c3c23a91890adb,0
e8148539d698d534f56268cf778408cd,1
765b6ea63af8352316fa50c11a8a24a5,1
4f9232331debccd8cd9e7f1de3661d02,1
b5d699507551d030008aafd186d1e3fb,1
97bf314f74b1de68aa0c57743c8172a3,0
2acc060b1ac622d4cc24680567415f52,1
5881e93d5bdaa810b6865e171043fd04,1
283e4264fb0a54d8a19f8b4778e51c10,1
8c37bb3ff9bf577968e4e847a1e6dcbb,1
f007598dacc4b6baa1aae36229c4d594,0
4e9909c2d98befa16315dd814e990f22,0
e32a44c8ea98d292255a233a655c59f9,1
b9e8a9d3c01dd0876b59a8364c5af214,0
d954b62cb4c6d0dde2710df65df4f6cf,1
fa8273c6dc2a257026daec96a49b4adc,1
f7d748642267f3f9a447d095f412239a,0
a4e8fc8689d1134dbe081831feb79497,1
a413f071da324c1a383fe44d70ebbaa4,1
1fe136fa2c6cff28bc585913bde72896,1
c2a69d197d6fe8cadc6762b71c0cd312,1
6d59d260f065183609e1c9d2362a9ee9,0
c1a57e7c7af1809967167d36ff21478e,0
9fed3ef24b1cdcd23eea67fd4b42fcd1,1
60fa346ace3ae2abdfb61f4fde043aec,0
88807b0f4f094258e89fc1eb917c49fd,1
ff8b12d33365254436c2a19c88a07e76,1
8d1541d5bc3b3938d00e06aad8444abe,0
06053efe4aa48fae19ce0571ed93a602,0
4ab4645e6270bb20a4f67650a724e0f8,1
2c04134a74e70167fb9c2f6f66588532,0
13e002fce1c8d42a14fa6afc07e6cdb5,1
09e49efa257ad0224fdc0dddfedb9337,1
d4f60209b4bb1db8f2fa332530df97da,1
29aee781a5c187960b6c51ce696b2a56,1
3181323543a97cd6161036f57057a776,1
115bae69c5c6488d92f927537e47c46c,1
e981432870e10633c27ab2b7fd247384,0
58059fe87762cdd4d48ae567b1c491fe,1
bddb2dd9098753a53bc0a1f5d6662fec,1
dcb8d74efc53d87d982db83eb987e3a9,1
bb65e3612b6dce60e4555e5aaafae926,1
443f82c1fb8e56eeb3d7552774a9d73a,1
b5436ccc880efe7eadb077515ba1c13f,1
f39c6a13f72d26a163b4513550970adc,1
d6d6b398fcf0f49f98cd706018080bf9,0
54e29e170cff9abb0efb0093465f5a7b,1
1652db1f7946dde4373ed2936d952ead,1
37ba6053c9a8b31cad440914f6d53620,1
da15b990dd06161e452706caba76fea5,1
dae2b250fc8262753b2d347c720949b3,1
98e273dccb49ade3fe786f1bdd6a5a8b,0
0a36e5862664eb92575949fc3ce7f842,0
45acc476b9638131fb1278c022493bde,1
2c89bffc82d08bfe6ca503627d82aea3,1
70efdf72cec6f13e6ebf0e9b1ffd8aeb,1
6956879ea547b17520e49e9c3fc8e705,1
74dd0d60064049c45e4b049a3648d804,1
82d92efcc4222ff1807c6b46f517f802,0
45255ff926e597a2e911feed068f640f,0
bc12b48e9094cd5ea958d1f810967f73,0
1f6fbcfa7ecf5f243c7dc8c05d673548,0
e6b732c9c19511ec655019b7c48a3ace,1
2d07ac6cabd0a81fd8b659dbb6deecd1,1
576ca3844598e7d0f7ed358385f708ce,1
0e9ee3430839ff9c1ae2499e797103f1,1
fa794d05f1775932cdd39d4734aeec9f,1
d4e46b56fa6f12cbd98079d5ab1dea0d,1
d9ea967b7bda66ac9538651c1707fd20,1
6e824885d2b1ab82d2e5dbbdcea187c0,1
97c39d71b2732e4d1ec358bb8a9e2a1c,1
7eaf6e641087b2ab9e1934648df975ad,1
359308f76cb3c6f5f0b885ef7ae13113,1
af464e71bb2b783618b42dfa83c33a79,0
2ed99d6917cc3a481ff316b7f91c17c5,0
141199719aa0c133d75e1daf275e969c,1
ea6afef0ca81c20dd4064b91b2958a66,1
03f0fc05d0359b4155ba437cfb518a19,1
ea7980fffe47c10fd85de87aa31deb18,1
e9d0ab57ee6f85b697693881f733d150,1
77fdb0cc78bf84a9fa0b74fa202e79cd,1
36c14188deb9874a987987359a761ec6,0
1d5ad86f54ebf3d38fdc89dd7fe4a11f,1
da4a36b45202ab1d71d35863afab187a,1
08b3c83bc7552f521849def76d94088f,1
8b8fcc6b5f2fd16da527d623a7d0dc3f,1
0a13a49b1de78259ec8b646e9cb748d8,0
9c15909cab57e6e39e3930b3e91b23fb,1
018f9df9e1087c69a2fccde8c1a36594,0
7d7225b503672c9dee88d6a3e5d6cb3a,1
6b53f7cb51761ec24b8ed62e7b9fcbc8,0
cf203d5421aef5176ec086730e3cbada,0
ac4d9f82e266287f6bf98a74b51d0d38,1
29e9636c846f7ff92296d4a0a99a4da0,1
0dce6f682b42122f9acd94206b280637,1
ed52f74d4a4e7dd03aa2baf1e7e15ee2,1
5cba67029b6a3985954a3afd80890be5,1
feefa6d401016f92681e3fe804b8b3d1,1
481806b02a3bf589c36f6f192417e33d,0
1dc41e45285e46e95d028d7e595e84da,0
d83398366ffceeec4bf3b4d499887804,1
7c2045d71fbbe2646c02096fcbbbbbd9,1
3aa0c82338e474256cb9dede0e1d4671,1
ae2c6b2f345c8fc012afce7342e717ff,1
f632da330108c076e77dfbab1793dbf0,1
d19a1d699664ca12d49dd440f3c39a27,1
6cccd093cd3509eec1f990117a8866bd,1
a0773105e847253e92e262cca3225649,0
b6bc5c4766704af4c19571a7d40a1326,1
303bfcad5cc019f37ae5f2dd53344eca,1
e91c8b9376e304250b54d354dfb67946,1
df43b23f9d25b2c477de520c2cbedb2f,1
394cc75e38e3029695aa855e40ed46a3,1
e07eca0bdd5405ad983ca0673b2d9108,1
53334f1535aabec08be869624216d11e,1
6d37b380d64b2fe400e2620186ef56fb,0
4563cecc6d0b841b48a28b6c37d1479a,1
f0f9d01846c8d8b1eef9549d8a1cdaec,1
97d61d1d73a10642ea2f074dd6b18ef4,1
a356c34443dc9a75f772a15f305c0ac8,0
c677d4635e11d2ef375f3993d31298d6,1
2ae5b4155a21178fbc7cc3d836689ce5,0
15ae56450b407b495d445c967288dc7e,0
cae08bd5cd1656a22d6a1f559f0d73e0,1
d5ec5ea4e06e69b563e185254ee961a4,1
e31e14ee5dd3fd6f491a4e902e9b70f0,1
e32f76ca94cfdb4cbd61c65ac714e285,0
88892f9319a28b6a4cf93c284b405405,1
1bfb4439fab0ed3cca98ded398314899,0
2800f3c4b6d370e8c55ff0583f68b76b,1
b7514bac625b7f8aafa3e48380a90588,1
a5f04df6b66765bf1f72e0961fe2d706,1
1ced8a5e5cdd2d415e3a9a56839c0d61,1
8dae11d4480bdcd0d084aafd5a4030b0,1
a3a064e0b65551acceb4f883d905c5ad,0
7ca2bb547e19a4124d8e672dcd8d3dec,1
abc7f9bf7726b8e2d6dbb73372b435d9,0
789adf17cc5cd3dd86ba972d4531467a,1
d6e5ee5d9d91694b6b2c9d7346255392,1
db1a0fe6ab5d48202ba0db8c3ec998d1,0
0ddff37facb0c68a3459eabc0c899adf,1
e4d863e7a7f046aec308ee809ec13c3e,0
